accuracy,precision,recall,f1_score
0.6666666666666666,0.5,0.6666666666666666,0.5555555555555555
